"date","source","cases"
1999-04-11,"confirmed",0
1999-04-18,"confirmed",0
1999-04-25,"confirmed",0
1999-05-02,"confirmed",0
1999-05-09,"confirmed",0
1999-05-16,"confirmed",0
1999-05-23,"confirmed",0
1999-05-30,"confirmed",0
1999-06-06,"confirmed",0
1999-06-13,"confirmed",0
1999-06-20,"confirmed",0
1999-06-27,"confirmed",0
1999-07-04,"confirmed",0
1999-07-11,"confirmed",0
1999-07-18,"confirmed",0
1999-07-25,"confirmed",0
1999-08-01,"confirmed",0
1999-08-08,"confirmed",0
1999-08-15,"confirmed",0
1999-08-22,"confirmed",0
1999-08-29,"confirmed",0
1999-09-05,"confirmed",0
1999-09-12,"confirmed",0
1999-09-19,"confirmed",0
1999-09-26,"confirmed",0
1999-10-03,"confirmed",0
1999-10-10,"confirmed",0
1999-10-17,"confirmed",0
1999-10-24,"confirmed",0
1999-10-31,"confirmed",0
1999-11-07,"confirmed",0
1999-11-14,"confirmed",0
1999-11-21,"confirmed",0
1999-11-28,"confirmed",0
1999-12-05,"confirmed",0
1999-12-12,"confirmed",0
1999-12-19,"confirmed",0
1999-12-26,"confirmed",0
2000-01-02,"confirmed",0
2000-01-09,"confirmed",0
2000-01-16,"confirmed",0
2000-01-23,"confirmed",0
2000-01-30,"confirmed",0
2000-02-06,"confirmed",0
2000-02-13,"confirmed",0
2000-02-20,"confirmed",0
2000-02-27,"confirmed",0
2000-03-05,"confirmed",0
2000-03-12,"confirmed",0
2000-03-19,"confirmed",0
2000-03-26,"confirmed",0
2000-04-02,"confirmed",0
2000-04-09,"confirmed",0
2000-04-16,"confirmed",0
2000-04-23,"confirmed",0
2000-04-30,"confirmed",0
2000-05-07,"confirmed",0
2000-05-14,"confirmed",0
2000-05-21,"confirmed",0
2000-05-28,"confirmed",0
2000-06-04,"confirmed",0
2000-06-11,"confirmed",0
2000-06-18,"confirmed",0
2000-06-25,"confirmed",0
2000-07-02,"confirmed",0
2000-07-09,"confirmed",0
2000-07-16,"confirmed",0
2000-07-23,"confirmed",0
2000-07-30,"confirmed",0
2000-08-06,"confirmed",0
2000-08-13,"confirmed",0
2000-08-20,"confirmed",0
2000-08-27,"confirmed",0
2000-09-03,"confirmed",0
2000-09-10,"confirmed",0
2000-09-17,"confirmed",0
2000-09-24,"confirmed",0
2000-10-01,"confirmed",0
2000-10-08,"confirmed",0
2000-10-15,"confirmed",0
2000-10-22,"confirmed",0
2000-10-29,"confirmed",0
2000-11-05,"confirmed",0
2000-11-12,"confirmed",0
2000-11-19,"confirmed",0
2000-11-26,"confirmed",0
2000-12-03,"confirmed",0
2000-12-10,"confirmed",0
2000-12-17,"confirmed",0
2000-12-24,"confirmed",0
2000-12-31,"confirmed",0
2001-01-07,"confirmed",0
2001-01-14,"confirmed",0
2001-01-21,"confirmed",0
2001-01-28,"confirmed",0
2001-02-04,"confirmed",0
2001-02-11,"confirmed",0
2001-02-18,"confirmed",0
2001-02-25,"confirmed",0
2001-03-04,"confirmed",0
2001-03-11,"confirmed",0
2001-03-18,"confirmed",0
2001-03-25,"confirmed",0
2001-04-01,"confirmed",0
2001-04-08,"confirmed",0
2001-04-15,"confirmed",0
2001-04-22,"confirmed",0
2001-04-29,"confirmed",0
2001-05-06,"confirmed",0
2001-05-13,"confirmed",0
2001-05-20,"confirmed",0
2001-05-27,"confirmed",0
2001-06-03,"confirmed",0
2001-06-10,"confirmed",0
2001-06-17,"confirmed",0
2001-06-24,"confirmed",0
2001-07-01,"confirmed",0
2001-07-08,"confirmed",0
2001-07-15,"confirmed",0
2001-07-22,"confirmed",0
2001-07-29,"confirmed",0
2001-08-05,"confirmed",0
2001-08-12,"confirmed",0
2001-08-19,"confirmed",0
2001-08-26,"confirmed",0
2001-09-02,"confirmed",0
2001-09-09,"confirmed",0
2001-09-16,"confirmed",0
2001-09-23,"confirmed",0
2001-09-30,"confirmed",0
2001-10-07,"confirmed",0
2001-10-14,"confirmed",0
2001-10-21,"confirmed",0
2001-10-28,"confirmed",0
2001-11-04,"confirmed",0
2001-11-11,"confirmed",0
2001-11-18,"confirmed",0
2001-11-25,"confirmed",0
2001-12-02,"confirmed",0
2001-12-09,"confirmed",0
2001-12-16,"confirmed",0
2001-12-23,"confirmed",0
2001-12-30,"confirmed",0
2002-01-06,"confirmed",0
2002-01-13,"confirmed",0
2002-01-20,"confirmed",0
2002-01-27,"confirmed",0
2002-02-03,"confirmed",0
2002-02-10,"confirmed",0
2002-02-17,"confirmed",0
2002-02-24,"confirmed",0
2002-03-03,"confirmed",0
2002-03-10,"confirmed",0
2002-03-17,"confirmed",0
2002-03-24,"confirmed",0
2002-03-31,"confirmed",0
2002-04-07,"confirmed",0
2002-04-14,"confirmed",0
2002-04-21,"confirmed",0
2002-04-28,"confirmed",0
2002-05-05,"confirmed",0
2002-05-12,"confirmed",0
2002-05-19,"confirmed",0
2002-05-26,"confirmed",0
2002-06-02,"confirmed",0
2002-06-09,"confirmed",0
2002-06-16,"confirmed",0
2002-06-23,"confirmed",0
2002-06-30,"confirmed",0
2002-07-07,"confirmed",0
2002-07-14,"confirmed",0
2002-07-21,"confirmed",0
2002-07-28,"confirmed",0
2002-08-04,"confirmed",0
2002-08-11,"confirmed",0
2002-08-18,"confirmed",0
2002-08-25,"confirmed",0
2002-09-01,"confirmed",0
2002-09-08,"confirmed",0
2002-09-15,"confirmed",0
2002-09-22,"confirmed",0
2002-09-29,"confirmed",0
2002-10-06,"confirmed",0
2002-10-13,"confirmed",0
2002-10-20,"confirmed",0
2002-10-27,"confirmed",0
2002-11-03,"confirmed",0
2002-11-10,"confirmed",0
2002-11-17,"confirmed",0
2002-11-24,"confirmed",0
2002-12-01,"confirmed",0
2002-12-08,"confirmed",0
2002-12-15,"confirmed",0
2002-12-22,"confirmed",0
2002-12-29,"confirmed",0
2003-01-05,"confirmed",0
2003-01-12,"confirmed",0
2003-01-19,"confirmed",0
2003-01-26,"confirmed",0
2003-02-02,"confirmed",0
2003-02-09,"confirmed",0
2003-02-16,"confirmed",0
2003-02-23,"confirmed",0
2003-03-02,"confirmed",0
2003-03-09,"confirmed",0
2003-03-16,"confirmed",0
2003-03-23,"confirmed",0
2003-03-30,"confirmed",0
2003-04-06,"confirmed",0
2003-04-13,"confirmed",0
2003-04-20,"confirmed",0
2003-04-27,"confirmed",0
2003-05-04,"confirmed",0
2003-05-11,"confirmed",0
2003-05-18,"confirmed",0
2003-05-25,"confirmed",0
2003-06-01,"confirmed",0
2003-06-08,"confirmed",0
2003-06-15,"confirmed",0
2003-06-22,"confirmed",0
2003-06-29,"confirmed",0
2003-07-06,"confirmed",0
2003-07-13,"confirmed",0
2003-07-20,"confirmed",0
2003-07-27,"confirmed",0
2003-08-03,"confirmed",0
2003-08-10,"confirmed",0
2003-08-17,"confirmed",0
2003-08-24,"confirmed",0
2003-08-31,"confirmed",0
2003-09-07,"confirmed",0
2003-09-14,"confirmed",0
2003-09-21,"confirmed",0
2003-09-28,"confirmed",0
2003-10-05,"confirmed",0
2003-10-12,"confirmed",0
2003-10-19,"confirmed",0
2003-10-26,"confirmed",0
2003-11-02,"confirmed",0
2003-11-09,"confirmed",0
2003-11-16,"confirmed",0
2003-11-23,"confirmed",0
2003-11-30,"confirmed",0
2003-12-07,"confirmed",0
2003-12-14,"confirmed",0
2003-12-21,"confirmed",0
2003-12-28,"confirmed",0
2004-01-04,"confirmed",0
2004-01-11,"confirmed",0
2004-01-18,"confirmed",0
2004-01-25,"confirmed",0
2004-02-01,"confirmed",0
2004-02-08,"confirmed",0
2004-02-15,"confirmed",0
2004-02-22,"confirmed",0
2004-02-29,"confirmed",0
2004-03-07,"confirmed",0
2004-03-14,"confirmed",0
2004-03-21,"confirmed",0
2004-03-28,"confirmed",0
2004-04-04,"confirmed",0
2004-04-11,"confirmed",0
2004-04-18,"confirmed",0
2004-04-25,"confirmed",0
2004-05-02,"confirmed",0
2004-05-09,"confirmed",0
2004-05-16,"confirmed",0
2004-05-23,"confirmed",0
2004-05-30,"confirmed",0
2004-06-06,"confirmed",0
2004-06-13,"confirmed",0
2004-06-20,"confirmed",0
2004-06-27,"confirmed",0
2004-07-04,"confirmed",0
2004-07-11,"confirmed",0
2004-07-18,"confirmed",0
2004-07-25,"confirmed",0
2004-08-01,"confirmed",0
2004-08-08,"confirmed",0
2004-08-15,"confirmed",0
2004-08-22,"confirmed",0
2004-08-29,"confirmed",0
2004-09-05,"confirmed",0
2004-09-12,"confirmed",0
2004-09-19,"confirmed",0
2004-09-26,"confirmed",0
2004-10-03,"confirmed",0
2004-10-10,"confirmed",0
2004-10-17,"confirmed",0
2004-10-24,"confirmed",0
2004-10-31,"confirmed",0
2004-11-07,"confirmed",0
2004-11-14,"confirmed",0
2004-11-21,"confirmed",0
2004-11-28,"confirmed",0
2004-12-05,"confirmed",0
2004-12-12,"confirmed",0
2004-12-19,"confirmed",0
2004-12-26,"confirmed",0
2005-01-02,"confirmed",0
2005-01-09,"confirmed",0
2005-01-16,"confirmed",0
2005-01-23,"confirmed",0
2005-01-30,"confirmed",0
2005-02-06,"confirmed",0
2005-02-13,"confirmed",0
2005-02-20,"confirmed",0
2005-02-27,"confirmed",0
2005-03-06,"confirmed",0
2005-03-13,"confirmed",0
2005-03-20,"confirmed",0
2005-03-27,"confirmed",0
2005-04-03,"confirmed",0
2005-04-10,"confirmed",0
2005-04-17,"confirmed",0
2005-04-24,"confirmed",0
2005-05-01,"confirmed",0
2005-05-08,"confirmed",0
2005-05-15,"confirmed",0
2005-05-22,"confirmed",0
2005-05-29,"confirmed",0
2005-06-05,"confirmed",0
2005-06-12,"confirmed",0
2005-06-19,"confirmed",0
2005-06-26,"confirmed",0
2005-07-03,"confirmed",0
2005-07-10,"confirmed",0
2005-07-17,"confirmed",0
2005-07-24,"confirmed",0
2005-07-31,"confirmed",0
2005-08-07,"confirmed",0
2005-08-14,"confirmed",0
2005-08-21,"confirmed",0
2005-08-28,"confirmed",0
2005-09-04,"confirmed",0
2005-09-11,"confirmed",0
2005-09-18,"confirmed",0
2005-09-25,"confirmed",0
2005-10-02,"confirmed",0
2005-10-09,"confirmed",0
2005-10-16,"confirmed",0
2005-10-23,"confirmed",0
2005-10-30,"confirmed",0
2005-11-06,"confirmed",0
2005-11-13,"confirmed",0
2005-11-20,"confirmed",0
2005-11-27,"confirmed",0
2005-12-04,"confirmed",0
2005-12-11,"confirmed",0
2005-12-18,"confirmed",0
2005-12-25,"confirmed",0
2006-01-01,"confirmed",0
2006-01-08,"confirmed",0
2006-01-15,"confirmed",0
2006-01-22,"confirmed",0
2006-01-29,"confirmed",0
2006-02-05,"confirmed",0
2006-02-12,"confirmed",0
2006-02-19,"confirmed",0
2006-02-26,"confirmed",0
2006-03-05,"confirmed",0
2006-03-12,"confirmed",0
2006-03-19,"confirmed",0
2006-03-26,"confirmed",0
2006-04-02,"confirmed",0
2006-04-09,"confirmed",0
2006-04-16,"confirmed",0
2006-04-23,"confirmed",0
2006-04-30,"confirmed",0
2006-05-07,"confirmed",0
2006-05-14,"confirmed",0
2006-05-21,"confirmed",0
2006-05-28,"confirmed",0
2006-06-04,"confirmed",0
2006-06-11,"confirmed",0
2006-06-18,"confirmed",0
2006-06-25,"confirmed",0
2006-07-02,"confirmed",0
2006-07-09,"confirmed",0
2006-07-16,"confirmed",0
2006-07-23,"confirmed",0
2006-07-30,"confirmed",0
2006-08-06,"confirmed",0
2006-08-13,"confirmed",0
2006-08-20,"confirmed",0
2006-08-27,"confirmed",0
2006-09-03,"confirmed",0
2006-09-10,"confirmed",0
2006-09-17,"confirmed",0
2006-09-24,"confirmed",0
2006-10-01,"confirmed",0
2006-10-08,"confirmed",0
2006-10-15,"confirmed",0
2006-10-22,"confirmed",0
2006-10-29,"confirmed",0
2006-11-05,"confirmed",0
2006-11-12,"confirmed",0
2006-11-19,"confirmed",0
2006-11-26,"confirmed",0
2006-12-03,"confirmed",0
2006-12-10,"confirmed",0
2006-12-17,"confirmed",0
2006-12-24,"confirmed",0
2006-12-31,"confirmed",0
2007-01-07,"confirmed",0
2007-01-14,"confirmed",0
2007-01-21,"confirmed",0
2007-01-28,"confirmed",0
2007-02-04,"confirmed",0
2007-02-11,"confirmed",0
2007-02-18,"confirmed",0
2007-02-25,"confirmed",0
2007-03-04,"confirmed",0
2007-03-11,"confirmed",0
2007-03-18,"confirmed",0
2007-03-25,"confirmed",0
2007-04-01,"confirmed",0
2007-04-08,"confirmed",0
2007-04-15,"confirmed",0
2007-04-22,"confirmed",0
2007-04-29,"confirmed",0
2007-05-06,"confirmed",0
2007-05-13,"confirmed",0
2007-05-20,"confirmed",0
2007-05-27,"confirmed",0
2007-06-03,"confirmed",0
2007-06-10,"confirmed",0
2007-06-17,"confirmed",0
2007-06-24,"confirmed",0
2007-07-01,"confirmed",0
2007-07-08,"confirmed",0
2007-07-15,"confirmed",0
2007-07-22,"confirmed",0
2007-07-29,"confirmed",0
2007-08-05,"confirmed",0
2007-08-12,"confirmed",0
2007-08-19,"confirmed",0
2007-08-26,"confirmed",0
2007-09-02,"confirmed",0
2007-09-09,"confirmed",0
2007-09-16,"confirmed",0
2007-09-23,"confirmed",0
2007-09-30,"confirmed",0
2007-10-07,"confirmed",0
2007-10-14,"confirmed",0
2007-10-21,"confirmed",0
2007-10-28,"confirmed",0
2007-11-04,"confirmed",0
2007-11-11,"confirmed",0
2007-11-18,"confirmed",0
2007-11-25,"confirmed",0
2007-12-02,"confirmed",0
2007-12-09,"confirmed",0
2007-12-16,"confirmed",0
2007-12-23,"confirmed",0
2007-12-30,"confirmed",0
2008-01-06,"confirmed",0
2008-01-13,"confirmed",0
2008-01-20,"confirmed",0
2008-01-27,"confirmed",0
2008-02-03,"confirmed",0
2008-02-10,"confirmed",0
2008-02-17,"confirmed",0
2008-02-24,"confirmed",0
2008-03-02,"confirmed",0
2008-03-09,"confirmed",0
2008-03-16,"confirmed",0
2008-03-23,"confirmed",0
2008-03-30,"confirmed",0
2008-04-06,"confirmed",0
2008-04-13,"confirmed",0
2008-04-20,"confirmed",0
2008-04-27,"confirmed",0
2008-05-04,"confirmed",0
2008-05-11,"confirmed",0
2008-05-18,"confirmed",0
2008-05-25,"confirmed",0
2008-06-01,"confirmed",0
2008-06-08,"confirmed",0
2008-06-15,"confirmed",0
2008-06-22,"confirmed",0
2008-06-29,"confirmed",0
2008-07-06,"confirmed",0
2008-07-13,"confirmed",0
2008-07-20,"confirmed",0
2008-07-27,"confirmed",0
2008-08-03,"confirmed",0
2008-08-10,"confirmed",0
2008-08-17,"confirmed",0
2008-08-24,"confirmed",0
2008-08-31,"confirmed",0
2008-09-07,"confirmed",0
2008-09-14,"confirmed",0
2008-09-21,"confirmed",0
2008-09-28,"confirmed",0
2008-10-05,"confirmed",0
2008-10-12,"confirmed",0
2008-10-19,"confirmed",0
2008-10-26,"confirmed",0
2008-11-02,"confirmed",0
2008-11-09,"confirmed",0
2008-11-16,"confirmed",0
2008-11-23,"confirmed",0
2008-11-30,"confirmed",0
2008-12-07,"confirmed",0
2008-12-14,"confirmed",0
2008-12-21,"confirmed",0
2008-12-28,"confirmed",0
2009-01-04,"confirmed",0
2009-01-11,"confirmed",0
2009-01-18,"confirmed",0
2009-01-25,"confirmed",0
2009-02-01,"confirmed",0
2009-02-08,"confirmed",0
2009-02-15,"confirmed",0
2009-02-22,"confirmed",0
2009-03-01,"confirmed",0
2009-03-08,"confirmed",0
2009-03-15,"confirmed",0
2009-03-22,"confirmed",0
2009-03-29,"confirmed",0
2009-04-05,"confirmed",0
2009-04-12,"confirmed",0
2009-04-19,"confirmed",0
2009-04-26,"confirmed",0
2009-05-03,"confirmed",0
2009-05-10,"confirmed",0
2009-05-17,"confirmed",0
2009-05-24,"confirmed",0
2009-05-31,"confirmed",0
2009-06-07,"confirmed",0
2009-06-14,"confirmed",0
2009-06-21,"confirmed",0
2009-06-28,"confirmed",0
2009-07-05,"confirmed",0
2009-07-12,"confirmed",0
2009-07-19,"confirmed",0
2009-07-26,"confirmed",0
2009-08-02,"confirmed",0
2009-08-09,"confirmed",0
2009-08-16,"confirmed",0
2009-08-23,"confirmed",0
2009-08-30,"confirmed",0
2009-09-06,"confirmed",0
2009-09-13,"confirmed",0
2009-09-20,"confirmed",0
2009-09-27,"confirmed",0
2009-10-04,"confirmed",0
2009-10-11,"confirmed",0
2009-10-18,"confirmed",0
2009-10-25,"confirmed",0
2009-11-01,"confirmed",0
2009-11-08,"confirmed",0
2009-11-15,"confirmed",0
2009-11-22,"confirmed",0
2009-11-29,"confirmed",0
2009-12-06,"confirmed",0
2009-12-13,"confirmed",0
2009-12-20,"confirmed",0
2009-12-27,"confirmed",0
2010-01-03,"confirmed",0
2010-01-10,"confirmed",0
2010-01-17,"confirmed",0
2010-01-24,"confirmed",0
2010-01-31,"confirmed",0
2010-02-07,"confirmed",0
2010-02-14,"confirmed",0
2010-02-21,"confirmed",0
2010-02-28,"confirmed",0
2010-03-07,"confirmed",0
2010-03-14,"confirmed",0
2010-03-21,"confirmed",0
2010-03-28,"confirmed",0
2010-04-04,"confirmed",0
2010-04-11,"confirmed",0
2010-04-18,"confirmed",0
2010-04-25,"confirmed",0
2010-05-02,"confirmed",0
2010-05-09,"confirmed",0
2010-05-16,"confirmed",0
2010-05-23,"confirmed",0
2010-05-30,"confirmed",0
2010-06-06,"confirmed",0
2010-06-13,"confirmed",0
2010-06-20,"confirmed",0
2010-06-27,"confirmed",0
2010-07-04,"confirmed",0
2010-07-11,"confirmed",0
2010-07-18,"confirmed",0
2010-07-25,"confirmed",0
2010-08-01,"confirmed",0
2010-08-08,"confirmed",0
2010-08-15,"confirmed",0
2010-08-22,"confirmed",0
2010-08-29,"confirmed",0
2010-09-05,"confirmed",0
2010-09-12,"confirmed",0
2010-09-19,"confirmed",0
2010-09-26,"confirmed",0
2010-10-03,"confirmed",0
2010-10-10,"confirmed",0
2010-10-17,"confirmed",0
2010-10-24,"confirmed",0
2010-10-31,"confirmed",0
2010-11-07,"confirmed",0
2010-11-14,"confirmed",0
2010-11-21,"confirmed",0
2010-11-28,"confirmed",0
2010-12-05,"confirmed",0
2010-12-12,"confirmed",0
2010-12-19,"confirmed",0
2010-12-26,"confirmed",0
2011-01-02,"confirmed",0
2011-01-09,"confirmed",0
2011-01-16,"confirmed",0
2011-01-23,"confirmed",0
2011-01-30,"confirmed",0
2011-02-06,"confirmed",0
2011-02-13,"confirmed",0
2011-02-20,"confirmed",0
2011-02-27,"confirmed",0
2011-03-06,"confirmed",0
2011-03-13,"confirmed",0
2011-03-20,"confirmed",0
2011-03-27,"confirmed",0
2011-04-03,"confirmed",0
2011-04-10,"confirmed",0
2011-04-17,"confirmed",0
2011-04-24,"confirmed",0
2011-05-01,"confirmed",0
2011-05-08,"confirmed",0
2011-05-15,"confirmed",0
2011-05-22,"confirmed",0
2011-05-29,"confirmed",0
2011-06-05,"confirmed",0
2011-06-12,"confirmed",0
2011-06-19,"confirmed",0
2011-06-26,"confirmed",0
2011-07-03,"confirmed",0
2011-07-10,"confirmed",0
2011-07-17,"confirmed",0
2011-07-24,"confirmed",0
2011-07-31,"confirmed",0
2011-08-07,"confirmed",0
2011-08-14,"confirmed",0
2011-08-21,"confirmed",0
2011-08-28,"confirmed",0
2011-09-04,"confirmed",0
2011-09-11,"confirmed",0
2011-09-18,"confirmed",0
2011-09-25,"confirmed",0
2011-10-02,"confirmed",0
2011-10-09,"confirmed",0
2011-10-16,"confirmed",0
2011-10-23,"confirmed",0
2011-10-30,"confirmed",0
2011-11-06,"confirmed",0
2011-11-13,"confirmed",0
2011-11-20,"confirmed",0
2011-11-27,"confirmed",0
2011-12-04,"confirmed",0
2011-12-11,"confirmed",0
2011-12-18,"confirmed",0
2011-12-25,"confirmed",0
2012-01-01,"confirmed",0
2012-01-08,"confirmed",0
2012-01-15,"confirmed",0
2012-01-22,"confirmed",0
2012-01-29,"confirmed",0
2012-02-05,"confirmed",0
2012-02-12,"confirmed",0
2012-02-19,"confirmed",0
2012-02-26,"confirmed",0
2012-03-04,"confirmed",0
2012-03-11,"confirmed",0
2012-03-18,"confirmed",0
2012-03-25,"confirmed",0
2012-04-01,"confirmed",0
2012-04-08,"confirmed",0
2012-04-15,"confirmed",0
2012-04-22,"confirmed",0
2012-04-29,"confirmed",0
2012-05-06,"confirmed",0
2012-05-13,"confirmed",0
2012-05-20,"confirmed",0
2012-05-27,"confirmed",0
2012-06-03,"confirmed",0
2012-06-10,"confirmed",0
2012-06-17,"confirmed",0
2012-06-24,"confirmed",0
2012-07-01,"confirmed",0
2012-07-08,"confirmed",0
2012-07-15,"confirmed",0
2012-07-22,"confirmed",0
2012-07-29,"confirmed",0
2012-08-05,"confirmed",0
2012-08-12,"confirmed",0
2012-08-19,"confirmed",0
2012-08-26,"confirmed",0
2012-09-02,"confirmed",0
2012-09-09,"confirmed",0
2012-09-16,"confirmed",0
2012-09-23,"confirmed",0
2012-09-30,"confirmed",0
2012-10-07,"confirmed",0
2012-10-14,"confirmed",0
2012-10-21,"confirmed",0
2012-10-28,"confirmed",0
2012-11-04,"confirmed",0
2012-11-11,"confirmed",0
2012-11-18,"confirmed",0
2012-11-25,"confirmed",0
2012-12-02,"confirmed",0
2012-12-09,"confirmed",0
2012-12-16,"confirmed",0
2012-12-23,"confirmed",0
2012-12-30,"confirmed",0
2013-01-06,"confirmed",0
2013-01-13,"confirmed",0
2013-01-20,"confirmed",0
2013-01-27,"confirmed",0
2013-02-03,"confirmed",0
2013-02-10,"confirmed",0
2013-02-17,"confirmed",0
2013-02-24,"confirmed",0
2013-03-03,"confirmed",0
2013-03-10,"confirmed",2
2013-03-17,"confirmed",6
2013-03-24,"confirmed",2
2013-03-31,"confirmed",0
2013-04-07,"confirmed",2
2013-04-14,"confirmed",2
2013-04-21,"confirmed",4
2013-04-28,"confirmed",2
2013-05-05,"confirmed",0
2013-05-12,"confirmed",0
2013-05-19,"confirmed",4
2013-05-26,"confirmed",2
2013-06-02,"confirmed",6
2013-06-09,"confirmed",2
2013-06-16,"confirmed",6
2013-06-23,"confirmed",0
2013-06-30,"confirmed",4
2013-07-07,"confirmed",2
2013-07-14,"confirmed",2
2013-07-21,"confirmed",4
2013-07-28,"confirmed",6
2013-08-04,"confirmed",0
2013-08-11,"confirmed",10
2013-08-18,"confirmed",0
2013-08-25,"confirmed",2
2013-09-01,"confirmed",2
2013-09-08,"confirmed",4
2013-09-15,"confirmed",2
2013-09-22,"confirmed",0
2013-09-29,"confirmed",0
2013-10-06,"confirmed",0
2013-10-13,"confirmed",2
2013-10-20,"confirmed",0
2013-10-27,"confirmed",2
2013-11-03,"confirmed",0
2013-11-10,"confirmed",2
2013-11-17,"confirmed",0
2013-11-24,"confirmed",0
2013-12-01,"confirmed",2
2013-12-08,"confirmed",4
2013-12-15,"confirmed",6
2013-12-22,"confirmed",0
2013-12-29,"confirmed",0
2014-01-05,"confirmed",0
2014-01-12,"confirmed",0
2014-01-19,"confirmed",0
2014-01-26,"confirmed",0
2014-02-02,"confirmed",2
2014-02-09,"confirmed",0
2014-02-16,"confirmed",0
2014-02-23,"confirmed",0
2014-03-02,"confirmed",2
2014-03-09,"confirmed",2
2014-03-16,"confirmed",0
2014-03-23,"confirmed",0
2014-03-30,"confirmed",2
2014-04-06,"confirmed",0
2014-04-13,"confirmed",2
2014-04-20,"confirmed",0
2014-04-27,"confirmed",4
2014-05-04,"confirmed",0
2014-05-11,"confirmed",0
2014-05-18,"confirmed",4
2014-05-25,"confirmed",4
2014-06-01,"confirmed",6
2014-06-08,"confirmed",6
2014-06-15,"confirmed",4
2014-06-22,"confirmed",10
2014-06-29,"confirmed",4
2014-07-06,"confirmed",2
2014-07-13,"confirmed",10
2014-07-20,"confirmed",6
2014-07-27,"confirmed",0
2014-08-03,"confirmed",4
2014-08-10,"confirmed",8
2014-08-17,"confirmed",2
2014-08-24,"confirmed",4
2014-08-31,"confirmed",0
2014-09-07,"confirmed",18
2014-09-14,"confirmed",4
2014-09-21,"confirmed",0
2014-09-28,"confirmed",2
2014-10-05,"confirmed",0
2014-10-12,"confirmed",0
2014-10-19,"confirmed",0
2014-10-26,"confirmed",2
2014-11-02,"confirmed",0
2014-11-09,"confirmed",0
2014-11-16,"confirmed",2
2014-11-23,"confirmed",0
2014-11-30,"confirmed",0
2014-12-07,"confirmed",2
2014-12-14,"confirmed",2
2014-12-21,"confirmed",0
2014-12-28,"confirmed",2
2015-01-04,"confirmed",0
2015-01-11,"confirmed",0
2015-01-18,"confirmed",0
2015-01-25,"confirmed",0
2015-02-01,"confirmed",2
2015-02-08,"confirmed",0
2015-02-15,"confirmed",0
2015-02-22,"confirmed",0
2015-03-01,"confirmed",0
2015-03-08,"confirmed",0
2015-03-15,"confirmed",0
2015-03-22,"confirmed",0
2015-03-29,"confirmed",0
2015-04-05,"confirmed",0
2015-04-12,"confirmed",0
2015-04-19,"confirmed",0
2015-04-26,"confirmed",4
2015-05-03,"confirmed",6
2015-05-10,"confirmed",0
2015-05-17,"confirmed",2
2015-05-24,"confirmed",8
2015-05-31,"confirmed",4
2015-06-07,"confirmed",14
2015-06-14,"confirmed",8
2015-06-21,"confirmed",0
2015-06-28,"confirmed",8
2015-07-05,"confirmed",2
2015-07-12,"confirmed",0
2015-07-19,"confirmed",4
2015-07-26,"confirmed",0
2015-08-02,"confirmed",4
2015-08-09,"confirmed",8
2015-08-16,"confirmed",6
2015-08-23,"confirmed",4
2015-08-30,"confirmed",2
2015-09-06,"confirmed",2
2015-09-13,"confirmed",2
2015-09-20,"confirmed",8
2015-09-27,"confirmed",0
2015-10-04,"confirmed",2
2015-10-11,"confirmed",2
2015-10-18,"confirmed",2
2015-10-25,"confirmed",4
2015-11-01,"confirmed",0
2015-11-08,"confirmed",6
2015-11-15,"confirmed",0
2015-11-22,"confirmed",0
2015-11-29,"confirmed",0
2015-12-06,"confirmed",4
2015-12-13,"confirmed",2
2015-12-20,"confirmed",0
2015-12-27,"confirmed",0
2016-01-03,"confirmed",0
2016-01-10,"confirmed",0
2016-01-17,"confirmed",2
2016-01-24,"confirmed",2
2016-01-31,"confirmed",0
2016-02-07,"confirmed",0
2016-02-14,"confirmed",0
2016-02-21,"confirmed",0
2016-02-28,"confirmed",0
2016-03-06,"confirmed",0
2016-03-13,"confirmed",0
2016-03-20,"confirmed",0
2016-03-27,"confirmed",2
2016-04-03,"confirmed",4
2016-04-10,"confirmed",0
2016-04-17,"confirmed",0
2016-04-24,"confirmed",0
2016-05-01,"confirmed",2
2016-05-08,"confirmed",0
2016-05-15,"confirmed",6
2016-05-22,"confirmed",6
2016-05-29,"confirmed",6
2016-06-05,"confirmed",4
2016-06-12,"confirmed",4
2016-06-19,"confirmed",2
2016-06-26,"confirmed",10
2016-07-03,"confirmed",10
2016-07-10,"confirmed",4
2016-07-17,"confirmed",2
2016-07-24,"confirmed",0
2016-07-31,"confirmed",6
2016-08-07,"confirmed",4
2016-08-14,"confirmed",2
2016-08-21,"confirmed",0
2016-08-28,"confirmed",2
2016-09-04,"confirmed",0
2016-09-11,"confirmed",0
2016-09-18,"confirmed",12
2016-09-25,"confirmed",0
2016-10-02,"confirmed",0
2016-10-09,"confirmed",2
2016-10-16,"confirmed",6
2016-10-23,"confirmed",0
2016-10-30,"confirmed",6
2016-11-06,"confirmed",8
2016-11-13,"confirmed",0
2016-11-20,"confirmed",0
2016-11-27,"confirmed",0
2016-12-04,"confirmed",2
2016-12-11,"confirmed",0
2016-12-18,"confirmed",0
2016-12-25,"confirmed",2
2017-01-01,"confirmed",2
2017-01-08,"confirmed",0
2017-01-15,"confirmed",0
2017-01-22,"confirmed",0
2017-01-29,"confirmed",0
2017-02-05,"confirmed",0
2017-02-12,"confirmed",0
2017-02-19,"confirmed",0
2017-02-26,"confirmed",0
2017-03-05,"confirmed",0
2017-03-12,"confirmed",2
2017-03-19,"confirmed",0
2017-03-26,"confirmed",0
2017-04-02,"confirmed",0
2017-04-09,"confirmed",2
2017-04-16,"confirmed",0
2017-04-23,"confirmed",0
2017-04-30,"confirmed",2
2017-05-07,"confirmed",4
2017-05-14,"confirmed",16
2017-05-21,"confirmed",8
2017-05-28,"confirmed",8
2017-06-04,"confirmed",8
2017-06-11,"confirmed",10
2017-06-18,"confirmed",10
2017-06-25,"confirmed",6
2017-07-02,"confirmed",4
2017-07-09,"confirmed",8
2017-07-16,"confirmed",12
2017-07-23,"confirmed",2
2017-07-30,"confirmed",14
2017-08-06,"confirmed",10
2017-08-13,"confirmed",0
2017-08-20,"confirmed",8
2017-08-27,"confirmed",6
2017-09-03,"confirmed",6
2017-09-10,"confirmed",0
2017-09-17,"confirmed",0
2017-09-24,"confirmed",0
2017-10-01,"confirmed",4
2017-10-08,"confirmed",12
2017-10-15,"confirmed",0
2017-10-22,"confirmed",4
2017-10-29,"confirmed",6
2017-11-05,"confirmed",2
2017-11-12,"confirmed",2
2017-11-19,"confirmed",2
2017-11-26,"confirmed",0
2017-12-03,"confirmed",2
2017-12-10,"confirmed",0
2017-12-17,"confirmed",0
2017-12-24,"confirmed",0
2017-12-31,"confirmed",0
2018-01-07,"confirmed",0
2018-01-14,"confirmed",0
2018-01-21,"confirmed",0
2018-01-28,"confirmed",0
2018-02-04,"confirmed",0
2018-02-11,"confirmed",0
2018-02-18,"confirmed",0
2018-02-25,"confirmed",0
2018-03-04,"confirmed",0
2018-03-11,"confirmed",0
2018-03-18,"confirmed",0
2018-03-25,"confirmed",0
2018-04-01,"confirmed",2
2018-04-08,"confirmed",4
2018-04-15,"confirmed",4
2018-04-22,"confirmed",0
2018-04-29,"confirmed",4
2018-05-06,"confirmed",6
2018-05-13,"confirmed",12
2018-05-20,"confirmed",6
2018-05-27,"confirmed",10
2018-06-03,"confirmed",12
2018-06-10,"confirmed",4
2018-06-17,"confirmed",8
2018-06-24,"confirmed",0
2018-07-01,"confirmed",6
2018-07-08,"confirmed",4
2018-07-15,"confirmed",6
2018-07-22,"confirmed",8
2018-07-29,"confirmed",6
2018-08-05,"confirmed",2
2018-08-12,"confirmed",2
2018-08-19,"confirmed",2
2018-08-26,"confirmed",6
2018-09-02,"confirmed",4
2018-09-09,"confirmed",2
2018-09-16,"confirmed",4
2018-09-23,"confirmed",0
2018-09-30,"confirmed",6
2018-10-07,"confirmed",4
2018-10-14,"confirmed",2
2018-10-21,"confirmed",2
2018-10-28,"confirmed",8
2018-11-04,"confirmed",2
2018-11-11,"confirmed",0
2018-11-18,"confirmed",0
2018-11-25,"confirmed",0
2018-12-02,"confirmed",2
2018-12-09,"confirmed",2
2018-12-16,"confirmed",2
2018-12-23,"confirmed",0
2018-12-30,"confirmed",0
2019-01-06,"confirmed",0
2019-01-13,"confirmed",0
2019-01-20,"confirmed",2
2019-01-27,"confirmed",0
2019-02-03,"confirmed",0
2019-02-10,"confirmed",0
2019-02-17,"confirmed",0
2019-02-24,"confirmed",0
2019-03-03,"confirmed",2
2019-03-10,"confirmed",4
2019-03-17,"confirmed",0
2019-03-24,"confirmed",0
2019-03-31,"confirmed",4
2019-04-07,"confirmed",2
2019-04-14,"confirmed",2
2019-04-21,"confirmed",4
2019-04-28,"confirmed",6
2019-05-05,"confirmed",4
2019-05-12,"confirmed",6
2019-05-19,"confirmed",12
2019-05-26,"confirmed",4
2019-06-02,"confirmed",6
2019-06-09,"confirmed",6
2019-06-16,"confirmed",6
2019-06-23,"confirmed",4
2019-06-30,"confirmed",16
2019-07-07,"confirmed",10
2019-07-14,"confirmed",6
2019-07-21,"confirmed",8
2019-07-28,"confirmed",6
2019-08-04,"confirmed",2
2019-08-11,"confirmed",6
2019-08-18,"confirmed",0
2019-08-25,"confirmed",14
2019-09-01,"confirmed",0
2019-09-08,"confirmed",4
2019-09-15,"confirmed",2
2019-09-22,"confirmed",12
2019-09-29,"confirmed",2
2019-10-06,"confirmed",0
2019-10-13,"confirmed",14
2019-10-20,"confirmed",10
2019-10-27,"confirmed",6
2019-11-03,"confirmed",0
2019-11-10,"confirmed",0
2019-11-17,"confirmed",0
2019-11-24,"confirmed",0
2019-12-01,"confirmed",4
2019-12-08,"confirmed",4
2019-12-15,"confirmed",2
2019-12-22,"confirmed",0
2019-12-29,"confirmed",0
2020-01-05,"confirmed",0
2020-01-12,"confirmed",2
2020-01-19,"confirmed",0
2020-01-26,"confirmed",0
2020-02-02,"confirmed",0
2020-02-09,"confirmed",4
2020-02-16,"confirmed",2
2020-02-23,"confirmed",0
2020-03-01,"confirmed",0
2020-03-08,"confirmed",0
2020-03-15,"confirmed",2
2020-03-22,"confirmed",2
2020-03-29,"confirmed",0
2020-04-05,"confirmed",6
2020-04-12,"confirmed",0
2020-04-19,"confirmed",4
2020-04-26,"confirmed",2
2020-05-03,"confirmed",6
2020-05-10,"confirmed",6
2020-05-17,"confirmed",2
2020-05-24,"confirmed",4
2020-05-31,"confirmed",2
2020-06-07,"confirmed",6
2020-06-14,"confirmed",8
2020-06-21,"confirmed",8
2020-06-28,"confirmed",4
2020-07-05,"confirmed",8
2020-07-12,"confirmed",0
2020-07-19,"confirmed",4
2020-07-26,"confirmed",4
2020-08-02,"confirmed",4
2020-08-09,"confirmed",2
2020-08-16,"confirmed",2
2020-08-23,"confirmed",4
2020-08-30,"confirmed",4
2020-09-06,"confirmed",8
2020-09-13,"confirmed",4
2020-09-20,"confirmed",0
2020-09-27,"confirmed",2
2020-10-04,"confirmed",10
2020-10-11,"confirmed",4
2020-10-18,"confirmed",4
2020-10-25,"confirmed",6
2020-11-01,"confirmed",4
2020-11-08,"confirmed",2
2020-11-15,"confirmed",0
2020-11-22,"confirmed",2
2020-11-29,"confirmed",0
2020-12-06,"confirmed",2
2020-12-13,"confirmed",4
2020-12-20,"confirmed",2
2020-12-27,"confirmed",0
2021-01-10,"confirmed",0
2021-01-17,"confirmed",0
2021-01-24,"confirmed",2
2021-01-31,"confirmed",0
2021-02-07,"confirmed",0
2021-02-14,"confirmed",2
2021-02-21,"confirmed",6
2021-02-28,"confirmed",0
2021-03-07,"confirmed",4
2021-03-14,"confirmed",0
2021-03-21,"confirmed",0
2021-03-28,"confirmed",10
2021-04-04,"confirmed",6
2021-04-11,"confirmed",2
2021-04-18,"confirmed",4
2021-04-25,"confirmed",14
2021-05-02,"confirmed",8
2021-05-09,"confirmed",6
2021-05-16,"confirmed",2
2021-05-23,"confirmed",6
2021-05-30,"confirmed",6
2021-06-06,"confirmed",10
2021-06-13,"confirmed",12
2021-06-20,"confirmed",12
2021-06-27,"confirmed",14
2021-07-04,"confirmed",8
2021-07-11,"confirmed",4
2021-07-18,"confirmed",8
2021-07-25,"confirmed",4
2021-08-01,"confirmed",4
2021-08-08,"confirmed",4
2021-08-15,"confirmed",4
2021-08-22,"confirmed",8
2021-08-29,"confirmed",6
2021-09-05,"confirmed",6
2021-09-12,"confirmed",2
2021-09-19,"confirmed",2
2021-09-26,"confirmed",6
2021-10-03,"confirmed",4
2021-10-10,"confirmed",2
2021-10-17,"confirmed",6
2021-10-24,"confirmed",4
2021-10-31,"confirmed",8
2021-11-07,"confirmed",2
2021-11-14,"confirmed",0
2021-11-21,"confirmed",0
2021-11-28,"confirmed",0
2021-12-05,"confirmed",0
2021-12-12,"confirmed",0
2021-12-19,"confirmed",0
2021-12-26,"confirmed",0
2022-01-02,"confirmed",2
2022-01-09,"confirmed",2
2022-01-16,"confirmed",0
2022-01-23,"confirmed",0
2022-01-30,"confirmed",2
2022-02-06,"confirmed",0
2022-02-13,"confirmed",0
2022-02-20,"confirmed",4
2022-02-27,"confirmed",0
2022-03-06,"confirmed",0
2022-03-13,"confirmed",0
2022-03-20,"confirmed",0
2022-03-27,"confirmed",2
2022-04-03,"confirmed",8
2022-04-10,"confirmed",0
2022-04-17,"confirmed",12
2022-04-24,"confirmed",0
2022-05-01,"confirmed",14
2022-05-08,"confirmed",4
2022-05-15,"confirmed",16
2022-05-22,"confirmed",14
2022-05-29,"confirmed",6
2022-06-05,"confirmed",10
2022-06-12,"confirmed",12
2022-06-19,"confirmed",8
2022-06-26,"confirmed",10
2022-07-03,"confirmed",12
2022-07-10,"confirmed",6
2022-07-17,"confirmed",8
2022-07-24,"confirmed",2
2022-07-31,"confirmed",4
2022-08-07,"confirmed",10
2022-08-14,"confirmed",6
2022-08-21,"confirmed",8
2022-08-28,"confirmed",0
2022-09-04,"confirmed",4
2022-09-11,"confirmed",6
2022-09-18,"confirmed",6
2022-09-25,"confirmed",2
2022-10-02,"confirmed",8
2022-10-09,"confirmed",6
2022-10-16,"confirmed",2
2022-10-23,"confirmed",4
2022-10-30,"confirmed",6
2022-11-06,"confirmed",4
2022-11-13,"confirmed",0
2022-11-20,"confirmed",4
2022-11-27,"confirmed",2
2022-12-04,"confirmed",0
2022-12-11,"confirmed",0
2022-12-18,"confirmed",2
2022-12-25,"confirmed",0
2023-01-01,"confirmed",0
2023-01-08,"confirmed",2
2023-01-15,"confirmed",0
2023-01-22,"confirmed",0
2023-01-29,"confirmed",0
2023-02-05,"confirmed",2
2023-02-12,"confirmed",2
2023-02-19,"confirmed",2
2023-02-26,"confirmed",2
2023-03-05,"confirmed",2
2023-03-12,"confirmed",4
2023-03-19,"confirmed",6
2023-03-26,"confirmed",4
2023-04-02,"confirmed",4
2023-04-09,"confirmed",8
2023-04-16,"confirmed",10
2023-04-23,"confirmed",10
2023-04-30,"confirmed",8
2023-05-07,"confirmed",8
2023-05-14,"confirmed",16
2023-05-21,"confirmed",10
2023-05-28,"confirmed",10
2023-06-04,"confirmed",20
2023-06-11,"confirmed",2
2023-06-18,"confirmed",14
2023-06-25,"confirmed",10
2023-07-02,"confirmed",10
2023-07-09,"confirmed",2
2023-07-16,"confirmed",8
2023-07-23,"confirmed",14
2023-07-30,"confirmed",6
2023-08-06,"confirmed",10
2023-08-13,"confirmed",4
2023-08-20,"confirmed",6
2023-08-27,"confirmed",0
2023-09-03,"confirmed",2
2023-09-10,"confirmed",4
2023-09-17,"confirmed",2
2023-09-24,"confirmed",2
2023-10-01,"confirmed",10
2023-10-08,"confirmed",12
2023-10-15,"confirmed",0
2023-10-22,"confirmed",2
2023-10-29,"confirmed",6
2023-11-05,"confirmed",0
2023-11-12,"confirmed",0
2023-11-19,"confirmed",4
2023-11-26,"confirmed",2
2023-12-03,"confirmed",0
2023-12-10,"confirmed",0
2023-12-17,"confirmed",0
2023-12-24,"confirmed",0
2023-12-31,"confirmed",6
2024-01-07,"confirmed",0
2024-01-14,"confirmed",4
2024-01-21,"confirmed",0
2024-01-28,"confirmed",0
2024-02-04,"confirmed",2
2024-02-11,"confirmed",0
2024-02-18,"confirmed",0
2024-02-25,"confirmed",0
2024-03-03,"confirmed",2
2024-03-10,"confirmed",4
2024-03-17,"confirmed",2
2024-03-24,"confirmed",2
2024-03-31,"confirmed",2
2024-04-07,"confirmed",2
2024-04-14,"confirmed",6
2024-04-21,"confirmed",16
2024-04-28,"confirmed",10
2024-05-05,"confirmed",12
2024-05-12,"confirmed",12
2024-05-19,"confirmed",8
2024-05-26,"confirmed",20
2024-06-02,"confirmed",12
2024-06-09,"confirmed",4
2024-06-16,"confirmed",20
2024-06-23,"confirmed",4
2024-06-30,"confirmed",14
2024-07-07,"confirmed",6
2024-07-14,"confirmed",6
2024-07-21,"confirmed",0
2024-07-28,"confirmed",6
2024-08-04,"confirmed",4
2024-08-11,"confirmed",4
2024-08-18,"confirmed",0
2024-08-25,"confirmed",0
2024-09-01,"confirmed",0
2024-09-08,"confirmed",2
2024-09-15,"confirmed",2
2024-09-22,"confirmed",6
2024-09-29,"confirmed",2
2024-10-06,"confirmed",0
2024-10-13,"confirmed",6
2024-10-20,"confirmed",2
2024-10-27,"confirmed",10
2024-11-03,"confirmed",14
2024-11-10,"confirmed",0
2024-11-17,"confirmed",4
2024-11-24,"confirmed",2
2024-12-01,"confirmed",4
2024-12-08,"confirmed",0
2024-12-15,"confirmed",2
2024-12-22,"confirmed",2
2024-12-29,"confirmed",2
2026-01-04,"provisional",1
2026-01-11,"provisional",0
2026-01-18,"provisional",0
2026-01-25,"provisional",0
2026-02-01,"provisional",1
2026-02-08,"provisional",1
2026-02-15,"provisional",0
2026-02-22,"provisional",1
2026-03-01,"provisional",0
2026-03-08,"provisional",1
2026-03-15,"provisional",1
2026-03-22,"provisional",0
2026-03-29,"provisional",1
2026-04-05,"provisional",0
2026-04-12,"provisional",3
2026-04-19,"provisional",5
2026-04-26,"provisional",2
2026-05-03,"provisional",11
2026-05-10,"provisional",9
